<?xml version="1.0" encoding="UTF-8"?>
<project-private xmlns="http://www.netbeans.org/ns/project-private/1">
    <editor-bookmarks xmlns="http://www.netbeans.org/ns/editor-bookmarks/2" lastBookmarkId="0"/>
    <open-files xmlns="http://www.netbeans.org/ns/projectui-open-files/2">
        <group>
            <file>file:/C:/Users/Jeferson%20Rodriguez/Documents/NetBeansProjects/GestorCarceles/src/java/Modelo/Abogado.java</file>
            <file>file:/C:/Users/Jeferson%20Rodriguez/Documents/NetBeansProjects/GestorCarceles/src/java/ModeloDAO/Nivel_PabellonDAO.java</file>
            <file>file:/C:/Users/Jeferson%20Rodriguez/Documents/NetBeansProjects/GestorCarceles/src/java/Modelo/Guardia.java</file>
            <file>file:/C:/Users/Jeferson%20Rodriguez/Documents/NetBeansProjects/GestorCarceles/src/java/ModeloDAO/Ficha_PadecimientoDAO.java</file>
            <file>file:/C:/Users/Jeferson%20Rodriguez/Documents/NetBeansProjects/GestorCarceles/src/java/Modelo/Departamento.java</file>
            <file>file:/C:/Users/Jeferson%20Rodriguez/Documents/NetBeansProjects/GestorCarceles/src/java/Modelo/Pabellon_Guardia.java</file>
            <file>file:/C:/Users/Jeferson%20Rodriguez/Documents/NetBeansProjects/GestorCarceles/src/java/Modelo/Ficha_Padecimiento.java</file>
            <file>file:/C:/Users/Jeferson%20Rodriguez/Documents/NetBeansProjects/GestorCarceles/src/java/ModeloDAO/Celda_ReclusoDAO.java</file>
            <file>file:/C:/Users/Jeferson%20Rodriguez/Documents/NetBeansProjects/GestorCarceles/src/java/ModeloDAO/ReclusoDAO.java</file>
            <file>file:/C:/Users/Jeferson%20Rodriguez/Documents/NetBeansProjects/GestorCarceles/src/java/ModeloDAO/Estado_SentenciaDAO.java</file>
            <file>file:/C:/Users/Jeferson%20Rodriguez/Documents/NetBeansProjects/GestorCarceles/web/formulario.jsp</file>
            <file>file:/C:/Users/Jeferson%20Rodriguez/Documents/NetBeansProjects/GestorCarceles/src/java/ModeloDAO/AbogadoDAO.java</file>
            <file>file:/C:/Users/Jeferson%20Rodriguez/Documents/NetBeansProjects/GestorCarceles/src/java/Modelo/Turno_Pabellon_Guardia.java</file>
            <file>file:/C:/Users/Jeferson%20Rodriguez/Documents/NetBeansProjects/GestorCarceles/src/java/Controlador/Control.java</file>
            <file>file:/C:/Users/Jeferson%20Rodriguez/Documents/NetBeansProjects/GestorCarceles/src/java/Interfaces/Departamento.java</file>
            <file>file:/C:/Users/Jeferson%20Rodriguez/Documents/NetBeansProjects/GestorCarceles/src/java/Modelo/Historial_Persona_Recluso.java</file>
            <file>file:/C:/Users/Jeferson%20Rodriguez/Documents/NetBeansProjects/GestorCarceles/src/java/Modelo/Estado_Sentencia.java</file>
            <file>file:/C:/Users/Jeferson%20Rodriguez/Documents/NetBeansProjects/GestorCarceles/src/java/ModeloDAO/Turno_Pabellon_GuardiaDAO.java</file>
            <file>file:/C:/Users/Jeferson%20Rodriguez/Documents/NetBeansProjects/GestorCarceles/src/java/Modelo/Municipio.java</file>
            <file>file:/C:/Users/Jeferson%20Rodriguez/Documents/NetBeansProjects/GestorCarceles/src/java/Config/Conexion.java</file>
            <file>file:/C:/Users/Jeferson%20Rodriguez/Documents/NetBeansProjects/GestorCarceles/src/java/Modelo/Celda_Recluso.java</file>
            <file>file:/C:/Users/Jeferson%20Rodriguez/Documents/NetBeansProjects/GestorCarceles/src/java/Modelo/Persona.java</file>
            <file>file:/C:/Users/Jeferson%20Rodriguez/Documents/NetBeansProjects/GestorCarceles/src/java/ModeloDAO/CarcelDAO.java</file>
            <file>file:/C:/Users/Jeferson%20Rodriguez/Documents/NetBeansProjects/GestorCarceles/web/Reclusos.jsp</file>
            <file>file:/C:/Users/Jeferson%20Rodriguez/Documents/NetBeansProjects/GestorCarceles/src/java/ModeloDAO/GuardiaDAO.java</file>
            <file>file:/C:/Users/Jeferson%20Rodriguez/Documents/NetBeansProjects/GestorCarceles/src/java/ModeloDAO/Pabellon_GuardiaDAO.java</file>
            <file>file:/C:/Users/Jeferson%20Rodriguez/Documents/NetBeansProjects/GestorCarceles/src/java/ModeloDAO/CeldaDAO.java</file>
            <file>file:/C:/Users/Jeferson%20Rodriguez/Documents/NetBeansProjects/GestorCarceles/src/java/Modelo/Carcel.java</file>
            <file>file:/C:/Users/Jeferson%20Rodriguez/Documents/NetBeansProjects/GestorCarceles/src/java/ModeloDAO/FichaMedicaDAO.java</file>
        </group>
    </open-files>
</project-private>
